emp_id,Name Prefix,First Name,Middle Initial,Last Name,E Mail,Date of Birth,Date of Joining,SSN,Phone Number ,User Name,Password
526540,Ms.,Angelique,K,Goodwin,angelique.goodwin@gmail.com,5-15-1964,3-24-2001,471-57-0359,212-884-7146,akgoodwin,z{d>ez%{.@
859327,Ms.,Jeni,S,Shaffer,jeni.shaffer@gmail.com,1-13-1962,12-10-2015,624-85-4146,205-665-7020,jsshaffer,7U56!*!O
887387,Ms.,Donald,T,Farris,donald.farris@bellsouth.net,4-11-1958,11-12-1979,097-02-3315,205-959-7879,dtfarris,rX.F{j&]&m&&X
779497,Hon.,Steven,D,Rendon,steven.rendon@gmail.com,4-4-1982,9-18-2008,134-98-6566,217-858-0054,sdrendon,a+2;sx}<G]y
896517,Drs.,Jenell,L,Almanza,jenell.almanza@yahoo.com,7-1-1958,7-14-1993,599-92-7345,314-893-2590,jlalmanza,Ou7RX{yT
220965,Mrs.,Almeta,Y,Brookins,almeta.brookins@gmail.com,5-8-1985,4-25-2017,109-98-3095,229-238-0915,aybrookins,HQHKE_+9hv
721091,Prof.,Bobbie,E,Branson,bobbie.branson@hotmail.com,2-10-1996,4-27-2017,047-15-8435,216-849-6986,bebranson,tA5zrwtY9\!Y
633636,Prof.,Bertram,R,Carlisle,bertram.carlisle@aol.com,12-31-1982,11-2-2012,257-99-3865,215-614-1953,brcarlisle,F4G46Phi$qF
823898,Prof.,Carlton,E,Leclair,carlton.leclair@cox.net,3-17-1986,1-7-2009,044-15-4027,319-943-1308,celeclair,Kce]-Rnti6
413865,Mr.,Todd,R,Slater,todd.slater@earthlink.net,6-9-1995,3-7-2017,553-99-2106,218-671-2547,trslater,EZ5}EHI4
439483,Mr.,Adalberto,K,Hazel,adalberto.hazel@yahoo.co.in,12-8-1959,4-27-1995,264-99-9423,262-893-5324,akhazel,j8v|]L6g2j-T$4+
809408,Mr.,Seymour,B,Nelson,seymour.nelson@hotmail.com,1-21-1996,7-2-2017,119-98-1796,215-821-4109,sbnelson,cEvcPqX[
748190,Mr.,Vicente,D,Dawkins,vicente.dawkins@gmail.com,6-17-1994,7-2-2016,116-98-6696,217-567-3339,vddawkins,t\XA;6?;[c>!47c
397283,Mr.,Rex,Q,Ng,rex.ng@yahoo.com,8-22-1982,1-17-2007,192-86-7823,215-352-5080,rqng,rcT|A-ba:8aZ$q
553684,Drs.,Arlena,I,Clough,arlena.clough@yahoo.com,10-15-1957,12-26-2015,032-92-6090,316-737-9183,aiclough,5vI5~Zd:
495667,Mr.,Cory,H,Clarke,cory.clarke@shell.com,6-2-1980,4-27-2012,731-28-8642,480-381-5936,chclarke,k2QH6T#d!
936158,Mrs.,Sofia,Y,Poole,sofia.poole@earthlink.net,12-3-1964,7-18-1993,126-98-9929,215-824-1223,sypoole,GLTTXR|JL0~E
537591,Dr.,Samuel,G,Wendt,samuel.wendt@bellsouth.net,11-25-1976,2-24-2016,369-39-1426,229-497-4180,sgwendt,pOq-woq:}4.ubd0
909018,Mr.,Virgil,R,Trowbridge,virgil.trowbridge@aol.com,4-6-1986,11-21-2016,005-13-9026,202-652-7351,vrtrowbridge,3PE>x:gOp<AY5jN
878666,Ms.,Elda,Y,Champagne,elda.champagne@gmail.com,5-21-1983,11-8-2016,540-83-9723,218-621-9347,eychampagne,IawX0iQY&D
995710,Mr.,Robert,G,Guinn,robert.guinn@walmart.com,6-14-1972,1-8-1997,403-73-1584,219-797-9997,rgguinn,x@xCTeXJ74*}R8
511059,Prof.,Humberto,W,Sauer,humberto.sauer@yahoo.com,4-11-1989,11-12-2012,210-84-3620,231-445-8008,hwsauer,q&_|-%P-S-
754455,Mrs.,Anastasia,N,Childers,anastasia.childers@hotmail.com,12-20-1988,2-26-2011,753-07-4603,262-835-1119,anchilders,5G;rxDn:
489275,Ms.,Collene,O,Kidd,collene.kidd@shell.com,2-25-1965,8-14-1993,704-18-2387,209-293-8759,cokidd,goocZI#~7N!7suU
500905,Hon.,Harris,Z,Beavers,harris.beavers@shell.com,9-14-1970,1-29-1999,008-94-7794,239-294-7204,hzbeavers,gv8q[B?p
984409,Ms.,Kathe,B,John,kathe.john@gmail.com,6-15-1992,12-28-2013,444-27-9644,216-961-7231,kbjohn,A\Pv~BOD8
812053,Ms.,Ashly,E,Stanton,ashly.stanton@gmail.com,12-13-1992,2-10-2014,385-37-9974,217-304-4274,aestanton,3<u55Xj^@fy7#OS
550206,Mr.,Geraldo,E,Easley,geraldo.easley@shaw.ca,3-28-1974,5-6-2002,556-99-1014,210-374-1084,geeasley,3q\|HQi9{R>IRL
728053,Mr.,Leigh,R,Fite,leigh.fite@gmail.com,7-16-1967,6-3-2004,548-99-7981,217-348-2881,lrfite,3r|R05du]98pR8I
184257,Ms.,Devon,I,Knox,devon.knox@gmail.com,3-24-1979,9-3-2005,344-11-4272,236-433-5011,diknox,LfKn#gT3h>
235295,Ms.,Yevette,D,Mullis,yevette.mullis@gmail.com,4-8-1972,10-14-1995,031-92-8075,216-407-3106,ydmullis,quS?S>|}
767674,Mrs.,Irena,Z,Dang,irena.dang@gmail.com,1-22-1972,2-24-2009,636-31-2014,236-666-5736,izdang,SKR2COdtmJA
391837,Mr.,Cory,L,Hayden,cory.hayden@gmail.com,7-20-1966,3-31-1992,109-98-9846,262-617-9565,clhayden,M9Nqt*&>*c5
466560,Hon.,Dolores,A,Begley,dolores.begley@hotmail.com,12-16-1981,3-21-2016,019-94-6803,209-877-7013,dabegley,8e;FDv*HnOG
900756,Mr.,Benjamin,O,Doss,benjamin.doss@gmail.com,6-1-1984,3-31-2010,607-87-2621,229-413-6404,bodoss,3k}8*JZ!
678628,Hon.,Theron,I,Farmer,theron.farmer@gmail.com,5-16-1969,7-8-2015,430-99-8830,217-297-4629,tifarmer,0qC2c1MJ2H&@
492527,Mr.,Hilton,N,Mcgehee,hilton.mcgehee@microsoft.com,7-26-1986,3-18-2009,042-15-4369,231-885-2299,hnmcgehee,8thdsXfBeBv6N
886060,Ms.,Sixta,J,Beaudoin,sixta.beaudoin@gmail.com,3-4-1975,2-29-2004,399-31-6070,236-832-1401,sjbeaudoin,Hu5[dWW~hFPy34
366431,Ms.,Sade,U,Shay,sade.shay@gmail.com,12-6-1994,1-20-2016,693-16-3108,405-620-5457,sushay,y>;Y[$It
331297,Mrs.,Shemika,E,Beckman,shemika.beckman@hotmail.com,10-18-1967,2-7-2003,625-85-6937,314-817-2178,sebeckman,LS-qdpEb1K
496541,Mr.,Winfred,X,Gonzales,winfred.gonzales@aol.com,3-10-1964,1-18-2016,466-99-0813,215-259-8618,wxgonzales,Q&>Mi&B%kml34tm
654617,Mr.,Rogelio,Z,Woodall,rogelio.woodall@gmail.com,12-19-1972,12-22-1996,218-89-5439,316-362-8838,rzwoodall,d-D9:-YN
163409,Mr.,Damion,C,Rafferty,damion.rafferty@yahoo.com,10-27-1974,3-20-2015,235-57-9815,217-846-4054,dcrafferty,54XMnP*\F9&
299088,Mr.,Dannie,I,Catron,dannie.catron@earthlink.net,4-20-1979,10-13-2016,073-02-8837,215-403-5296,dicatron,YI[#Xj}?oj
961442,Hon.,Stephan,M,Titus,stephan.titus@hotmail.com,3-7-1968,10-17-2009,235-57-1721,219-474-8565,smtitus,ME_YQuf};VlbIz\
155097,Mr.,Dorian,J,Sage,dorian.sage@shaw.ca,7-27-1970,7-14-1992,553-99-7803,270-256-2491,djsage,DRtK9Gnq^X0cm
976422,Mr.,Jake,W,Espinal,jake.espinal@shaw.ca,1-19-1959,9-25-2003,594-99-8803,209-739-8484,jwespinal,oKz3l$S2Q|sY41
138911,Mr.,Claudio,L,Heck,claudio.heck@aol.com,9-28-1967,5-14-2005,366-39-9069,215-359-3397,clheck,mH_b:JA52
160938,Prof.,Marcel,X,Trotter,marcel.trotter@aol.com,2-1-1985,4-25-2006,763-12-7919,605-487-4676,mxtrotter,jI?44\xh
399707,Prof.,Dillon,Y,Dominguez,dillon.dominguez@gmail.com,10-22-1963,1-29-2015,285-15-0592,218-530-8020,dydominguez,2LdirxG@
713294,Mr.,Sammy,Y,Dewitt,sammy.dewitt@ibm.com,1-24-1988,12-5-2014,729-28-6911,206-468-7536,sydewitt,Quwicz}Ebz
627298,Mr.,Sterling,A,Serna,sterling.serna@hotmail.com,4-15-1985,11-17-2015,512-33-9199,212-483-9629,saserna,z9>oc+y*S%
709884,Mrs.,Ivonne,K,Manning,ivonne.manning@yahoo.ca,9-13-1977,6-29-2002,609-87-3514,701-819-7127,ikmanning,mnJ6W:Dx[
932773,Hon.,Clair,E,Harwell,clair.harwell@bp.com,8-11-1968,4-14-1991,626-85-0761,212-335-3305,ceharwell,E_;H-rBx9_Nv?@3
796605,Ms.,Jenni,A,Goolsby,jenni.goolsby@gmail.com,5-13-1971,10-10-2005,250-99-6761,236-425-5880,jagoolsby,KTBjHdx_tdc8
885395,Hon.,Tayna,K,Poston,tayna.poston@yahoo.ca,1-15-1958,1-30-2016,714-18-2827,209-247-2504,tkposton,QX<6#AEi4vVWzSN
411503,Prof.,Vern,F,Mackenzie,vern.mackenzie@gmail.com,7-3-1982,12-31-2016,234-57-0893,236-780-5288,vfmackenzie,I-&NJoaD
622405,Mr.,Harrison,X,Hawk,harrison.hawk@hotmail.co.uk,7-19-1962,6-26-2006,592-99-9799,210-998-7839,hxhawk,Q_TqJfDpD
233136,Mr.,Preston,U,Tribble,preston.tribble@exxonmobil.com,11-4-1979,3-20-2004,149-23-1759,208-571-4789,putribble,38Tw3pt|tOMAX4
170637,Ms.,Aleen,S,Araujo,aleen.araujo@gmail.com,5-10-1978,11-7-2004,133-98-0581,205-492-3826,asaraujo,Bq|uR%t>-|m0
215719,Mr.,Brent,U,Carrillo,brent.carrillo@aol.com,4-2-1973,3-30-2013,258-99-5725,239-728-0228,bucarrillo,KwY0@]JJ#
452163,Mr.,Adalberto,Y,Tate,adalberto.tate@shaw.ca,3-31-1982,8-15-2009,032-92-8729,216-500-3888,aytate,OCFPmhX0*F
572204,Mr.,Rafael,R,Weeks,rafael.weeks@gmail.com,6-7-1992,10-31-2016,546-99-1086,212-678-8854,rrweeks,pK~<0k<t-UM
779517,Hon.,Aurea,H,Pullen,aurea.pullen@gmail.com,7-22-1973,10-25-2016,622-85-5122,239-814-5354,ahpullen,D7fdw~fTX_G3CTg
844157,Hon.,Ramiro,Q,Holguin,ramiro.holguin@gmail.com,6-1-1958,11-18-2002,104-02-1961,216-690-4327,rqholguin,6jB:x4I3~
312726,Drs.,Celine,C,Lumpkin,celine.lumpkin@gmail.com,12-31-1986,1-22-2008,368-39-3103,216-897-4459,cclumpkin,q.2icGDg-y-:TpQ
419549,Mr.,Bryant,L,Naylor,bryant.naylor@hotmail.com,7-19-1993,10-21-2014,698-16-4709,207-532-1710,blnaylor,58gQWZs-fge
505927,Hon.,Oswaldo,U,Winchester,oswaldo.winchester@gmail.com,4-8-1959,9-11-1989,728-14-6144,479-931-1345,ouwinchester,wJZ&h&rrutImbo
526254,Mrs.,Kacy,G,Crandall,kacy.crandall@hotmail.com,9-8-1961,12-25-1983,171-86-6831,229-215-2471,kgcrandall,lf[11#r$->+.ZJ
460226,Mr.,Brock,E,Hutcherson,brock.hutcherson@hotmail.com,3-6-1995,10-16-2016,086-02-8001,803-570-5060,behutcherson,N>dyw+gF9$EYoA
840113,Mr.,Ramiro,N,Conover,ramiro.conover@earthlink.net,7-26-1992,9-16-2016,494-29-8376,207-947-9487,rnconover,xh>\9O[Z
432820,Mr.,Myron,N,Marble,myron.marble@gmail.com,12-13-1980,6-12-2004,183-86-5370,225-988-8557,mnmarble,w<lD4Yk4fX!IK[
957596,Mr.,Freeman,H,Kern,freeman.kern@gmail.com,7-11-1963,5-10-1987,393-33-5849,303-480-2041,fhkern,yq36Zq|-
530134,Mr.,Mathew,O,Whitfield,mathew.whitfield@gmail.com,10-9-1986,8-25-2015,772-02-3040,405-928-3699,mowhitfield,Q6Q^XYyp\|*}
316372,Mr.,Alexander,C,Goad,alexander.goad@cox.net,5-21-1965,7-24-1994,450-99-8615,314-361-0820,acgoad,q}AD{7+1\5R5?O
501658,Ms.,Renee,X,Beverly,renee.beverly@rediffmail.com,7-1-1977,7-18-2015,684-24-1555,308-954-6249,rxbeverly,aTwE52-WPpZ
147133,Hon.,Tommie,B,Weller,tommie.weller@cox.net,8-9-1959,7-15-2002,194-86-7809,229-783-2920,tbweller,IEcfme@JT\rcE5<
551149,Mr.,Michale,Q,Colson,michale.colson@comcast.net,11-18-1961,8-20-2002,229-99-7364,209-400-0883,mqcolson,kkbwkI.Ke0
595558,Ms.,Denisha,Z,Fitch,denisha.fitch@msn.com,10-21-1990,4-28-2017,216-89-7736,210-936-6841,dzfitch,18fz@t:q7aEA
637407,Mr.,Napoleon,G,Kelsey,napoleon.kelsey@hotmail.com,8-7-1995,12-8-2016,608-87-5484,239-723-6178,ngkelsey,NJX;qDvZ#S0t
597741,Drs.,Tonya,F,Wilson,tonya.wilson@aol.com,4-27-1980,1-7-2013,019-94-9784,215-652-7491,tfwilson,8#M^Q$|&
403534,Hon.,Clement,U,Hidalgo,clement.hidalgo@gmail.com,3-9-1960,2-11-1988,224-99-4650,339-645-9620,cuhidalgo,kF-EUb\XBZ8te
314661,Mrs.,Charles,A,Quintero,charles.quintero@gmail.com,3-27-1958,12-22-2012,094-02-8828,218-660-1183,caquintero,NJ%-H]SOL7Jd
317987,Drs.,Chastity,U,Pineda,chastity.pineda@shaw.ca,5-9-1975,6-19-2010,279-15-4975,262-613-2602,cupineda,n4dtB}A@?
820109,Mrs.,Verna,Q,Michaud,verna.michaud@gmail.com,5-4-1993,10-20-2015,564-99-2134,215-235-0637,vqmichaud,nXkZ}%C-wu
388558,Mr.,Alfred,O,Beamon,alfred.beamon@gmail.com,7-7-1963,3-22-2003,251-99-8106,406-343-5419,aobeamon,g_nkbo7_$^
403207,Mrs.,Michal,T,Maurer,michal.maurer@yahoo.com,12-8-1976,5-1-2000,237-99-0766,252-347-9978,mtmaurer,P0s0RWz&
143711,Drs.,Wenona,X,Carmichael,wenona.carmichael@yahoo.com,8-31-1964,8-31-2005,480-41-9877,219-271-2278,wxcarmichael,1MEI.O:1
402180,Mr.,Allan,V,Bernhardt,allan.bernhardt@gmail.com,1-24-1962,1-2-1987,526-99-3494,202-909-9740,avbernhardt,kSGhyhoJOGhU
242388,Mrs.,Nam,Y,Schmidt,nam.schmidt@yahoo.co.uk,4-8-1993,1-27-2016,657-36-5472,219-802-6287,nyschmidt,w&~5KY4|-jL[:
819367,Ms.,Yolande,B,Piper,yolande.piper@gmail.com,10-9-1966,4-14-1998,713-18-3200,219-233-1861,ybpiper,h6\}gLafP7r-\T
962291,Mr.,Whitney,Q,Shipman,whitney.shipman@gmail.com,10-26-1982,5-18-2007,172-86-7071,319-963-4464,wqshipman,KW|xJ*Ts
856379,Hon.,Terence,B,Ferro,terence.ferro@gmail.com,1-18-1982,4-23-2015,375-37-5783,262-874-4684,tbferro,c}v*z0W%+woH~rv
149972,Hon.,Alberto,G,Riley,alberto.riley@gmail.com,1-13-1974,12-17-2004,345-11-4018,217-352-2731,agriley,d%Uu\Rr;YR@SW|
174955,Ms.,Jacqueline,J,Burk,jacqueline.burk@verizon.net,6-28-1989,9-23-2012,695-16-1567,212-683-7962,jjburk,hRd>a$;d5l-R
549389,Mr.,Clemente,M,Gould,clemente.gould@hotmail.com,12-31-1961,10-2-1992,271-17-5467,228-485-0919,cmgould,m1%+0ojh7VIvJ
466832,Mrs.,Chang,K,Roden,chang.roden@yahoo.com,9-7-1988,8-6-2010,074-02-9202,316-256-7851,ckroden,5|Rn]G:#58f$>+S
203380,Mr.,Marvin,R,Nickel,marvin.nickel@ibm.com,11-25-1986,10-6-2012,552-99-5545,270-750-7760,mrnickel,8*E[g-_X|
915991,Mrs.,Eldora,Y,Tribble,eldora.tribble@earthlink.net,5-29-1995,10-17-2016,763-12-2082,236-584-1916,eytribble,z>ms?;$8-u
289172,Ms.,Azzie,L,Layman,azzie.layman@hotmail.co.uk,9-6-1961,3-26-2004,637-29-1007,503-456-5899,allayman,k<%?%TML.].1ZY
